--------------------------------------------------------
-- Archivo creado  - lunes-diciembre-14-2020   
--------------------------------------------------------
--------------------------------------------------------
--  DDL for Table CLIENTE
--------------------------------------------------------

  CREATE TABLE "GRUPO_CCP"."CLIENTE" 
   (	"ID_CLIENTE" NUMBER, 
	"NOMBRE" VARCHAR2(20 BYTE), 
	"APELLIDO" VARCHAR2(20 BYTE), 
	"SEXO" VARCHAR2(10 BYTE), 
	"DNI" CHAR(8 BYTE), 
	"DIRECCION" VARCHAR2(20 BYTE), 
	"TELEFONO" VARCHAR2(20 BYTE), 
	"ID_TIPO_CLIENTE" NUMBER, 
	"ESTADO" VARCHAR2(1 BYTE)
   ) SEGMENT CREATION IMMEDIATE 
  PCTFREE 10 PCTUSED 40 INITRANS 1 MAXTRANS 255 NOCOMPRESS LOGGING
  STORAGE(INITIAL 65536 NEXT 1048576 MINEXTENTS 1 MAXEXTENTS 2147483645
  PCTINCREASE 0 FREELISTS 1 FREELIST GROUPS 1 BUFFER_POOL DEFAULT FLASH_CACHE DEFAULT CELL_FLASH_CACHE DEFAULT)
  TABLESPACE "USERS" ;
--------------------------------------------------------
--  DDL for Table COMIDA
--------------------------------------------------------

  CREATE TABLE "GRUPO_CCP"."COMIDA" 
   (	"ID_COMIDA" NUMBER, 
	"NOMBRE_COMIDA" VARCHAR2(20 BYTE), 
	"DESCRIPCION_COMIDA" VARCHAR2(60 BYTE), 
	"PRECIO_COMIDA" VARCHAR2(45 BYTE), 
	"ID_TIPO_COMIDA" NUMBER, 
	"ESTADO" VARCHAR2(1 BYTE)
   ) SEGMENT CREATION IMMEDIATE 
  PCTFREE 10 PCTUSED 40 INITRANS 1 MAXTRANS 255 NOCOMPRESS LOGGING
  STORAGE(INITIAL 65536 NEXT 1048576 MINEXTENTS 1 MAXEXTENTS 2147483645
  PCTINCREASE 0 FREELISTS 1 FREELIST GROUPS 1 BUFFER_POOL DEFAULT FLASH_CACHE DEFAULT CELL_FLASH_CACHE DEFAULT)
  TABLESPACE "USERS" ;
--------------------------------------------------------
--  DDL for Table DETALLE_VENTA
--------------------------------------------------------

  CREATE TABLE "GRUPO_CCP"."DETALLE_VENTA" 
   (	"ID_DETALLE_VENTA" NUMBER, 
	"ID_CANTIDAD_VENTA" NUMBER, 
	"IMPORTE_VENTA" NUMBER, 
	"ID_VENTA" NUMBER, 
	"ID_COMIDA" NUMBER, 
	"ESTADO" VARCHAR2(1 BYTE)
   ) SEGMENT CREATION IMMEDIATE 
  PCTFREE 10 PCTUSED 40 INITRANS 1 MAXTRANS 255 NOCOMPRESS LOGGING
  STORAGE(INITIAL 65536 NEXT 1048576 MINEXTENTS 1 MAXEXTENTS 2147483645
  PCTINCREASE 0 FREELISTS 1 FREELIST GROUPS 1 BUFFER_POOL DEFAULT FLASH_CACHE DEFAULT CELL_FLASH_CACHE DEFAULT)
  TABLESPACE "USERS" ;
--------------------------------------------------------
--  DDL for Table EMPLEADO
--------------------------------------------------------

  CREATE TABLE "GRUPO_CCP"."EMPLEADO" 
   (	"ID_EMPLEADO" NUMBER, 
	"NOMBRE" VARCHAR2(20 BYTE), 
	"APELLIDO" VARCHAR2(20 BYTE), 
	"SEXO" VARCHAR2(10 BYTE), 
	"DNI" CHAR(8 BYTE), 
	"DIRECCION" VARCHAR2(20 BYTE), 
	"TELEFONO" VARCHAR2(20 BYTE), 
	"ID_TIPO_EMPLEADO" NUMBER, 
	"ESTADO" VARCHAR2(1 BYTE)
   ) SEGMENT CREATION IMMEDIATE 
  PCTFREE 10 PCTUSED 40 INITRANS 1 MAXTRANS 255 NOCOMPRESS LOGGING
  STORAGE(INITIAL 65536 NEXT 1048576 MINEXTENTS 1 MAXEXTENTS 2147483645
  PCTINCREASE 0 FREELISTS 1 FREELIST GROUPS 1 BUFFER_POOL DEFAULT FLASH_CACHE DEFAULT CELL_FLASH_CACHE DEFAULT)
  TABLESPACE "USERS" ;
--------------------------------------------------------
--  DDL for Table TIPO_CLIENTE
--------------------------------------------------------

  CREATE TABLE "GRUPO_CCP"."TIPO_CLIENTE" 
   (	"ID_TIPO_CLIENTE" NUMBER, 
	"NOMBRE_TIPO_CLIENTE" VARCHAR2(20 BYTE), 
	"ESTADO" VARCHAR2(1 BYTE)
   ) SEGMENT CREATION IMMEDIATE 
  PCTFREE 10 PCTUSED 40 INITRANS 1 MAXTRANS 255 NOCOMPRESS LOGGING
  STORAGE(INITIAL 65536 NEXT 1048576 MINEXTENTS 1 MAXEXTENTS 2147483645
  PCTINCREASE 0 FREELISTS 1 FREELIST GROUPS 1 BUFFER_POOL DEFAULT FLASH_CACHE DEFAULT CELL_FLASH_CACHE DEFAULT)
  TABLESPACE "USERS" ;
--------------------------------------------------------
--  DDL for Table TIPO_COMIDA
--------------------------------------------------------

  CREATE TABLE "GRUPO_CCP"."TIPO_COMIDA" 
   (	"ID_TIPO_COMIDA" NUMBER, 
	"NOMBRE_TIPO_COMIDA" VARCHAR2(20 BYTE), 
	"ESTADO" VARCHAR2(1 BYTE)
   ) SEGMENT CREATION IMMEDIATE 
  PCTFREE 10 PCTUSED 40 INITRANS 1 MAXTRANS 255 NOCOMPRESS LOGGING
  STORAGE(INITIAL 65536 NEXT 1048576 MINEXTENTS 1 MAXEXTENTS 2147483645
  PCTINCREASE 0 FREELISTS 1 FREELIST GROUPS 1 BUFFER_POOL DEFAULT FLASH_CACHE DEFAULT CELL_FLASH_CACHE DEFAULT)
  TABLESPACE "USERS" ;
--------------------------------------------------------
--  DDL for Table TIPO_EMPLEADO
--------------------------------------------------------

  CREATE TABLE "GRUPO_CCP"."TIPO_EMPLEADO" 
   (	"ID_TIPO_EMPLEADO" NUMBER, 
	"NOMBRE_TIPO_EMPLEADO" VARCHAR2(20 BYTE), 
	"ESTADO" VARCHAR2(1 BYTE)
   ) SEGMENT CREATION IMMEDIATE 
  PCTFREE 10 PCTUSED 40 INITRANS 1 MAXTRANS 255 NOCOMPRESS LOGGING
  STORAGE(INITIAL 65536 NEXT 1048576 MINEXTENTS 1 MAXEXTENTS 2147483645
  PCTINCREASE 0 FREELISTS 1 FREELIST GROUPS 1 BUFFER_POOL DEFAULT FLASH_CACHE DEFAULT CELL_FLASH_CACHE DEFAULT)
  TABLESPACE "USERS" ;
--------------------------------------------------------
--  DDL for Table VENTA
--------------------------------------------------------

  CREATE TABLE "GRUPO_CCP"."VENTA" 
   (	"ID_VENTA" NUMBER, 
	"FECHA_VENTA" DATE, 
	"TOTAL_VENTA" NUMBER, 
	"ID_EMPLEADO" NUMBER, 
	"ID_CLIENTE" NUMBER, 
	"ESTADO" VARCHAR2(1 BYTE)
   ) SEGMENT CREATION IMMEDIATE 
  PCTFREE 10 PCTUSED 40 INITRANS 1 MAXTRANS 255 NOCOMPRESS LOGGING
  STORAGE(INITIAL 65536 NEXT 1048576 MINEXTENTS 1 MAXEXTENTS 2147483645
  PCTINCREASE 0 FREELISTS 1 FREELIST GROUPS 1 BUFFER_POOL DEFAULT FLASH_CACHE DEFAULT CELL_FLASH_CACHE DEFAULT)
  TABLESPACE "USERS" ;
--------------------------------------------------------
--  DDL for Sequence SQ_CLIENTE
--------------------------------------------------------

   CREATE SEQUENCE  "GRUPO_CCP"."SQ_CLIENTE"  MINVALUE 1 MAXVALUE 9999999999999999999999999999 INCREMENT BY 1 START WITH 21 CACHE 20 NOORDER  NOCYCLE ;
--------------------------------------------------------
--  DDL for Sequence SQ_COMIDA
--------------------------------------------------------

   CREATE SEQUENCE  "GRUPO_CCP"."SQ_COMIDA"  MINVALUE 1 MAXVALUE 9999999999999999999999999999 INCREMENT BY 1 START WITH 21 CACHE 20 NOORDER  NOCYCLE ;
--------------------------------------------------------
--  DDL for Sequence SQ_DETALLE_VENTA
--------------------------------------------------------

   CREATE SEQUENCE  "GRUPO_CCP"."SQ_DETALLE_VENTA"  MINVALUE 1 MAXVALUE 9999999999999999999999999999 INCREMENT BY 1 START WITH 1 CACHE 20 NOORDER  NOCYCLE ;
--------------------------------------------------------
--  DDL for Sequence SQ_EMPLEADO
--------------------------------------------------------

   CREATE SEQUENCE  "GRUPO_CCP"."SQ_EMPLEADO"  MINVALUE 1 MAXVALUE 9999999999999999999999999999 INCREMENT BY 1 START WITH 41 CACHE 20 NOORDER  NOCYCLE ;
--------------------------------------------------------
--  DDL for Sequence SQ_TIPO_CLIENTE
--------------------------------------------------------

   CREATE SEQUENCE  "GRUPO_CCP"."SQ_TIPO_CLIENTE"  MINVALUE 1 MAXVALUE 9999999999999999999999999999 INCREMENT BY 1 START WITH 21 CACHE 20 NOORDER  NOCYCLE ;
--------------------------------------------------------
--  DDL for Sequence SQ_TIPO_COMIDA
--------------------------------------------------------

   CREATE SEQUENCE  "GRUPO_CCP"."SQ_TIPO_COMIDA"  MINVALUE 1 MAXVALUE 9999999999999999999999999999 INCREMENT BY 1 START WITH 21 CACHE 20 NOORDER  NOCYCLE ;
--------------------------------------------------------
--  DDL for Sequence SQ_TIPO_EMPLEADO
--------------------------------------------------------

   CREATE SEQUENCE  "GRUPO_CCP"."SQ_TIPO_EMPLEADO"  MINVALUE 1 MAXVALUE 9999999999999999999999999999 INCREMENT BY 1 START WITH 21 CACHE 20 NOORDER  NOCYCLE ;
--------------------------------------------------------
--  DDL for Sequence SQ_VENTA
--------------------------------------------------------

   CREATE SEQUENCE  "GRUPO_CCP"."SQ_VENTA"  MINVALUE 1 MAXVALUE 9999999999999999999999999999 INCREMENT BY 1 START WITH 41 CACHE 20 NOORDER  NOCYCLE ;
REM INSERTING into GRUPO_CCP.CLIENTE
SET DEFINE OFF;
Insert into GRUPO_CCP.CLIENTE (ID_CLIENTE,NOMBRE,APELLIDO,SEXO,DNI,DIRECCION,TELEFONO,ID_TIPO_CLIENTE,ESTADO) values ('1','Ruby','C. Alvarez','Femenino','78948519','02248 Jorquera','695 123 656','2','A');
Insert into GRUPO_CCP.CLIENTE (ID_CLIENTE,NOMBRE,APELLIDO,SEXO,DNI,DIRECCION,TELEFONO,ID_TIPO_CLIENTE,ESTADO) values ('2','Roland','A. Austin','Masculino','84679518','28738 Piñuécar','786 165 753','1','A');
Insert into GRUPO_CCP.CLIENTE (ID_CLIENTE,NOMBRE,APELLIDO,SEXO,DNI,DIRECCION,TELEFONO,ID_TIPO_CLIENTE,ESTADO) values ('3','Alma','A. Tollison','Femenino','46798134','26110 Nestares','772 542 900','3','A');
Insert into GRUPO_CCP.CLIENTE (ID_CLIENTE,NOMBRE,APELLIDO,SEXO,DNI,DIRECCION,TELEFONO,ID_TIPO_CLIENTE,ESTADO) values ('4','Agnes','D. Rice','Femenino','75348945','23650 Torredonjimeno','712 588 461','2','A');
Insert into GRUPO_CCP.CLIENTE (ID_CLIENTE,NOMBRE,APELLIDO,SEXO,DNI,DIRECCION,TELEFONO,ID_TIPO_CLIENTE,ESTADO) values ('5','Keneth','S. Miller','Masculino','78459613','46540 Puig','663 714 018','1','A');
Insert into GRUPO_CCP.CLIENTE (ID_CLIENTE,NOMBRE,APELLIDO,SEXO,DNI,DIRECCION,TELEFONO,ID_TIPO_CLIENTE,ESTADO) values ('6','Ethel','R. Humphrey','Femenino','75894613','12499 Chovar','742 952 253','1','A');
Insert into GRUPO_CCP.CLIENTE (ID_CLIENTE,NOMBRE,APELLIDO,SEXO,DNI,DIRECCION,TELEFONO,ID_TIPO_CLIENTE,ESTADO) values ('7','Angel','T. Scott','Masculino','45689143','40360 Cantimpalos','750 540 420','3','A');
Insert into GRUPO_CCP.CLIENTE (ID_CLIENTE,NOMBRE,APELLIDO,SEXO,DNI,DIRECCION,TELEFONO,ID_TIPO_CLIENTE,ESTADO) values ('8','Greg','H. Morgan','Masculino','78496899','10009 Chovar','757 490 393','2','A');
Insert into GRUPO_CCP.CLIENTE (ID_CLIENTE,NOMBRE,APELLIDO,SEXO,DNI,DIRECCION,TELEFONO,ID_TIPO_CLIENTE,ESTADO) values ('10','Mary','M. Johnson','Femenino','79888425','12200 Onda','751 894 560','1','A');
Insert into GRUPO_CCP.CLIENTE (ID_CLIENTE,NOMBRE,APELLIDO,SEXO,DNI,DIRECCION,TELEFONO,ID_TIPO_CLIENTE,ESTADO) values ('11','Anibal','R. Treadway','Masculino','12589740','28890 Loeches','717 591 924','3','A');
Insert into GRUPO_CCP.CLIENTE (ID_CLIENTE,NOMBRE,APELLIDO,SEXO,DNI,DIRECCION,TELEFONO,ID_TIPO_CLIENTE,ESTADO) values ('12','Florence','D. Howard','Femenino','49856110','Atzeneta Maestrat','737 766 329','2','A');
REM INSERTING into GRUPO_CCP.COMIDA
SET DEFINE OFF;
Insert into GRUPO_CCP.COMIDA (ID_COMIDA,NOMBRE_COMIDA,DESCRIPCION_COMIDA,PRECIO_COMIDA,ID_TIPO_COMIDA,ESTADO) values ('1','CHAUFA','ES UNA COMIDA QUE LLEVA ARROZ, HUEVO Y POLLO','10,5','1','A');
Insert into GRUPO_CCP.COMIDA (ID_COMIDA,NOMBRE_COMIDA,DESCRIPCION_COMIDA,PRECIO_COMIDA,ID_TIPO_COMIDA,ESTADO) values ('2','AJI GALLINA','ES UNA COMIDA QUE LLEVA ARROZ, CREMA, POLLO Y PAPA','15','2','A');
Insert into GRUPO_CCP.COMIDA (ID_COMIDA,NOMBRE_COMIDA,DESCRIPCION_COMIDA,PRECIO_COMIDA,ID_TIPO_COMIDA,ESTADO) values ('3','AREPA','LLEVA CARNE Y MASA','10,5','3','A');
Insert into GRUPO_CCP.COMIDA (ID_COMIDA,NOMBRE_COMIDA,DESCRIPCION_COMIDA,PRECIO_COMIDA,ID_TIPO_COMIDA,ESTADO) values ('4','AEROPUERTO','ES UNA COMIDA QUE LLEVA ARROZ, HUEVO, POLLO Y FIEDEOS','14','1','A');
Insert into GRUPO_CCP.COMIDA (ID_COMIDA,NOMBRE_COMIDA,DESCRIPCION_COMIDA,PRECIO_COMIDA,ID_TIPO_COMIDA,ESTADO) values ('6','TALLARIN SALTADO','ES UNA COMIDA QUE LLEVA TALLARIN Y CARNE','13','1','A');
Insert into GRUPO_CCP.COMIDA (ID_COMIDA,NOMBRE_COMIDA,DESCRIPCION_COMIDA,PRECIO_COMIDA,ID_TIPO_COMIDA,ESTADO) values ('7','CAUSA','ES UNA COMIDA QUE LLEVA POLLO,VERDURAS Y PAPA','12','2','A');
Insert into GRUPO_CCP.COMIDA (ID_COMIDA,NOMBRE_COMIDA,DESCRIPCION_COMIDA,PRECIO_COMIDA,ID_TIPO_COMIDA,ESTADO) values ('8','OCOPA CON PAPA','ES UNA COMIDA QUE LLEVA UNA CREMA Y PAPA','13','2','A');
Insert into GRUPO_CCP.COMIDA (ID_COMIDA,NOMBRE_COMIDA,DESCRIPCION_COMIDA,PRECIO_COMIDA,ID_TIPO_COMIDA,ESTADO) values ('9','SOPA SECA','ES UNA COMIDA QUE LLEVA FIDEOS Y CARAPULCRA','12','2','A');
Insert into GRUPO_CCP.COMIDA (ID_COMIDA,NOMBRE_COMIDA,DESCRIPCION_COMIDA,PRECIO_COMIDA,ID_TIPO_COMIDA,ESTADO) values ('10','TALLARIN SALTADO','ES UNA COMIDA QUE LLEVA TALLARIN Y CARNE','13','1','A');
Insert into GRUPO_CCP.COMIDA (ID_COMIDA,NOMBRE_COMIDA,DESCRIPCION_COMIDA,PRECIO_COMIDA,ID_TIPO_COMIDA,ESTADO) values ('11','CAUSA','ES UNA COMIDA QUE LLEVA POLLO,VERDURAS Y PAPA','12','2','A');
REM INSERTING into GRUPO_CCP.DETALLE_VENTA
SET DEFINE OFF;
REM INSERTING into GRUPO_CCP.EMPLEADO
SET DEFINE OFF;
Insert into GRUPO_CCP.EMPLEADO (ID_EMPLEADO,NOMBRE,APELLIDO,SEXO,DNI,DIRECCION,TELEFONO,ID_TIPO_EMPLEADO,ESTADO) values ('17','ANGELO','ZAPILLADO','MASCULINO','74521564','29700 Vélez-Málaga','744 283 241','1','A');
Insert into GRUPO_CCP.EMPLEADO (ID_EMPLEADO,NOMBRE,APELLIDO,SEXO,DNI,DIRECCION,TELEFONO,ID_TIPO_EMPLEADO,ESTADO) values ('18','JEAN','RUSH','MASCULINO','42513658','46610 Guadassuar','603 856 617','2','A');
Insert into GRUPO_CCP.EMPLEADO (ID_EMPLEADO,NOMBRE,APELLIDO,SEXO,DNI,DIRECCION,TELEFONO,ID_TIPO_EMPLEADO,ESTADO) values ('19','JAYSON','ADAMS','MASCULINO','42536514','23750 Arjonilla','643042014','3','A');
Insert into GRUPO_CCP.EMPLEADO (ID_EMPLEADO,NOMBRE,APELLIDO,SEXO,DNI,DIRECCION,TELEFONO,ID_TIPO_EMPLEADO,ESTADO) values ('20','JEREZ','SINGLETON','MASCULINO','56536514','35530 Teguise','642 245 498','3','A');
Insert into GRUPO_CCP.EMPLEADO (ID_EMPLEADO,NOMBRE,APELLIDO,SEXO,DNI,DIRECCION,TELEFONO,ID_TIPO_EMPLEADO,ESTADO) values ('22','GLENDA','JUSTUS','FEMENINO','14533114','08358 Arenys de Munt','663596714','2','A');
Insert into GRUPO_CCP.EMPLEADO (ID_EMPLEADO,NOMBRE,APELLIDO,SEXO,DNI,DIRECCION,TELEFONO,ID_TIPO_EMPLEADO,ESTADO) values ('23','ANTHONY','BRADFORD','MASCULINO','23534114','8703410 Biar','6941176','2','A');
Insert into GRUPO_CCP.EMPLEADO (ID_EMPLEADO,NOMBRE,APELLIDO,SEXO,DNI,DIRECCION,TELEFONO,ID_TIPO_EMPLEADO,ESTADO) values ('24','LISA','SHEPPARD','FEMENINO','14536514','13431 Villar Pozo','602 987 436','1','A');
REM INSERTING into GRUPO_CCP.TIPO_CLIENTE
SET DEFINE OFF;
Insert into GRUPO_CCP.TIPO_CLIENTE (ID_TIPO_CLIENTE,NOMBRE_TIPO_CLIENTE,ESTADO) values ('1','Normal','A');
Insert into GRUPO_CCP.TIPO_CLIENTE (ID_TIPO_CLIENTE,NOMBRE_TIPO_CLIENTE,ESTADO) values ('2','VIP','A');
Insert into GRUPO_CCP.TIPO_CLIENTE (ID_TIPO_CLIENTE,NOMBRE_TIPO_CLIENTE,ESTADO) values ('3','Super VIP','A');
REM INSERTING into GRUPO_CCP.TIPO_COMIDA
SET DEFINE OFF;
Insert into GRUPO_CCP.TIPO_COMIDA (ID_TIPO_COMIDA,NOMBRE_TIPO_COMIDA,ESTADO) values ('1','CHINA','A');
Insert into GRUPO_CCP.TIPO_COMIDA (ID_TIPO_COMIDA,NOMBRE_TIPO_COMIDA,ESTADO) values ('2','CRIOLLA','A');
Insert into GRUPO_CCP.TIPO_COMIDA (ID_TIPO_COMIDA,NOMBRE_TIPO_COMIDA,ESTADO) values ('3','VENEZOLANA','A');
REM INSERTING into GRUPO_CCP.TIPO_EMPLEADO
SET DEFINE OFF;
Insert into GRUPO_CCP.TIPO_EMPLEADO (ID_TIPO_EMPLEADO,NOMBRE_TIPO_EMPLEADO,ESTADO) values ('1','Chef','A');
Insert into GRUPO_CCP.TIPO_EMPLEADO (ID_TIPO_EMPLEADO,NOMBRE_TIPO_EMPLEADO,ESTADO) values ('2','Ayudante de Cocina','A');
Insert into GRUPO_CCP.TIPO_EMPLEADO (ID_TIPO_EMPLEADO,NOMBRE_TIPO_EMPLEADO,ESTADO) values ('3','Mozo','A');
REM INSERTING into GRUPO_CCP.VENTA
SET DEFINE OFF;
--------------------------------------------------------
--  Constraints for Table EMPLEADO
--------------------------------------------------------

  ALTER TABLE "GRUPO_CCP"."EMPLEADO" ADD UNIQUE ("DNI")
  USING INDEX PCTFREE 10 INITRANS 2 MAXTRANS 255 
  STORAGE(INITIAL 65536 NEXT 1048576 MINEXTENTS 1 MAXEXTENTS 2147483645
  PCTINCREASE 0 FREELISTS 1 FREELIST GROUPS 1 BUFFER_POOL DEFAULT FLASH_CACHE DEFAULT CELL_FLASH_CACHE DEFAULT)
  TABLESPACE "USERS"  ENABLE;
  ALTER TABLE "GRUPO_CCP"."EMPLEADO" ADD PRIMARY KEY ("ID_EMPLEADO")
  USING INDEX PCTFREE 10 INITRANS 2 MAXTRANS 255 
  STORAGE(INITIAL 65536 NEXT 1048576 MINEXTENTS 1 MAXEXTENTS 2147483645
  PCTINCREASE 0 FREELISTS 1 FREELIST GROUPS 1 BUFFER_POOL DEFAULT FLASH_CACHE DEFAULT CELL_FLASH_CACHE DEFAULT)
  TABLESPACE "USERS"  ENABLE;
  ALTER TABLE "GRUPO_CCP"."EMPLEADO" MODIFY ("DNI" NOT NULL ENABLE);
--------------------------------------------------------
--  Constraints for Table COMIDA
--------------------------------------------------------

  ALTER TABLE "GRUPO_CCP"."COMIDA" ADD PRIMARY KEY ("ID_COMIDA")
  USING INDEX PCTFREE 10 INITRANS 2 MAXTRANS 255 
  STORAGE(INITIAL 65536 NEXT 1048576 MINEXTENTS 1 MAXEXTENTS 2147483645
  PCTINCREASE 0 FREELISTS 1 FREELIST GROUPS 1 BUFFER_POOL DEFAULT FLASH_CACHE DEFAULT CELL_FLASH_CACHE DEFAULT)
  TABLESPACE "USERS"  ENABLE;
--------------------------------------------------------
--  Constraints for Table TIPO_EMPLEADO
--------------------------------------------------------

  ALTER TABLE "GRUPO_CCP"."TIPO_EMPLEADO" ADD PRIMARY KEY ("ID_TIPO_EMPLEADO")
  USING INDEX PCTFREE 10 INITRANS 2 MAXTRANS 255 
  STORAGE(INITIAL 65536 NEXT 1048576 MINEXTENTS 1 MAXEXTENTS 2147483645
  PCTINCREASE 0 FREELISTS 1 FREELIST GROUPS 1 BUFFER_POOL DEFAULT FLASH_CACHE DEFAULT CELL_FLASH_CACHE DEFAULT)
  TABLESPACE "USERS"  ENABLE;
--------------------------------------------------------
--  Constraints for Table DETALLE_VENTA
--------------------------------------------------------

  ALTER TABLE "GRUPO_CCP"."DETALLE_VENTA" ADD PRIMARY KEY ("ID_DETALLE_VENTA")
  USING INDEX PCTFREE 10 INITRANS 2 MAXTRANS 255 
  STORAGE(INITIAL 65536 NEXT 1048576 MINEXTENTS 1 MAXEXTENTS 2147483645
  PCTINCREASE 0 FREELISTS 1 FREELIST GROUPS 1 BUFFER_POOL DEFAULT FLASH_CACHE DEFAULT CELL_FLASH_CACHE DEFAULT)
  TABLESPACE "USERS"  ENABLE;
--------------------------------------------------------
--  Constraints for Table CLIENTE
--------------------------------------------------------

  ALTER TABLE "GRUPO_CCP"."CLIENTE" ADD UNIQUE ("DNI")
  USING INDEX PCTFREE 10 INITRANS 2 MAXTRANS 255 
  STORAGE(INITIAL 65536 NEXT 1048576 MINEXTENTS 1 MAXEXTENTS 2147483645
  PCTINCREASE 0 FREELISTS 1 FREELIST GROUPS 1 BUFFER_POOL DEFAULT FLASH_CACHE DEFAULT CELL_FLASH_CACHE DEFAULT)
  TABLESPACE "USERS"  ENABLE;
  ALTER TABLE "GRUPO_CCP"."CLIENTE" ADD PRIMARY KEY ("ID_CLIENTE")
  USING INDEX PCTFREE 10 INITRANS 2 MAXTRANS 255 
  STORAGE(INITIAL 65536 NEXT 1048576 MINEXTENTS 1 MAXEXTENTS 2147483645
  PCTINCREASE 0 FREELISTS 1 FREELIST GROUPS 1 BUFFER_POOL DEFAULT FLASH_CACHE DEFAULT CELL_FLASH_CACHE DEFAULT)
  TABLESPACE "USERS"  ENABLE;
  ALTER TABLE "GRUPO_CCP"."CLIENTE" MODIFY ("DNI" NOT NULL ENABLE);
--------------------------------------------------------
--  Constraints for Table VENTA
--------------------------------------------------------

  ALTER TABLE "GRUPO_CCP"."VENTA" ADD PRIMARY KEY ("ID_VENTA")
  USING INDEX PCTFREE 10 INITRANS 2 MAXTRANS 255 
  STORAGE(INITIAL 65536 NEXT 1048576 MINEXTENTS 1 MAXEXTENTS 2147483645
  PCTINCREASE 0 FREELISTS 1 FREELIST GROUPS 1 BUFFER_POOL DEFAULT FLASH_CACHE DEFAULT CELL_FLASH_CACHE DEFAULT)
  TABLESPACE "USERS"  ENABLE;
--------------------------------------------------------
--  Constraints for Table TIPO_COMIDA
--------------------------------------------------------

  ALTER TABLE "GRUPO_CCP"."TIPO_COMIDA" ADD PRIMARY KEY ("ID_TIPO_COMIDA")
  USING INDEX PCTFREE 10 INITRANS 2 MAXTRANS 255 
  STORAGE(INITIAL 65536 NEXT 1048576 MINEXTENTS 1 MAXEXTENTS 2147483645
  PCTINCREASE 0 FREELISTS 1 FREELIST GROUPS 1 BUFFER_POOL DEFAULT FLASH_CACHE DEFAULT CELL_FLASH_CACHE DEFAULT)
  TABLESPACE "USERS"  ENABLE;
--------------------------------------------------------
--  Constraints for Table TIPO_CLIENTE
--------------------------------------------------------

  ALTER TABLE "GRUPO_CCP"."TIPO_CLIENTE" ADD PRIMARY KEY ("ID_TIPO_CLIENTE")
  USING INDEX PCTFREE 10 INITRANS 2 MAXTRANS 255 
  STORAGE(INITIAL 65536 NEXT 1048576 MINEXTENTS 1 MAXEXTENTS 2147483645
  PCTINCREASE 0 FREELISTS 1 FREELIST GROUPS 1 BUFFER_POOL DEFAULT FLASH_CACHE DEFAULT CELL_FLASH_CACHE DEFAULT)
  TABLESPACE "USERS"  ENABLE;
--------------------------------------------------------
--  Ref Constraints for Table CLIENTE
--------------------------------------------------------

  ALTER TABLE "GRUPO_CCP"."CLIENTE" ADD FOREIGN KEY ("ID_TIPO_CLIENTE")
	  REFERENCES "GRUPO_CCP"."TIPO_CLIENTE" ("ID_TIPO_CLIENTE") ENABLE;
--------------------------------------------------------
--  Ref Constraints for Table COMIDA
--------------------------------------------------------

  ALTER TABLE "GRUPO_CCP"."COMIDA" ADD FOREIGN KEY ("ID_TIPO_COMIDA")
	  REFERENCES "GRUPO_CCP"."TIPO_COMIDA" ("ID_TIPO_COMIDA") ENABLE;
--------------------------------------------------------
--  Ref Constraints for Table DETALLE_VENTA
--------------------------------------------------------

  ALTER TABLE "GRUPO_CCP"."DETALLE_VENTA" ADD FOREIGN KEY ("ID_VENTA")
	  REFERENCES "GRUPO_CCP"."VENTA" ("ID_VENTA") ENABLE;
  ALTER TABLE "GRUPO_CCP"."DETALLE_VENTA" ADD FOREIGN KEY ("ID_COMIDA")
	  REFERENCES "GRUPO_CCP"."COMIDA" ("ID_COMIDA") ENABLE;
--------------------------------------------------------
--  Ref Constraints for Table EMPLEADO
--------------------------------------------------------

  ALTER TABLE "GRUPO_CCP"."EMPLEADO" ADD FOREIGN KEY ("ID_TIPO_EMPLEADO")
	  REFERENCES "GRUPO_CCP"."TIPO_EMPLEADO" ("ID_TIPO_EMPLEADO") ENABLE;
--------------------------------------------------------
--  Ref Constraints for Table VENTA
--------------------------------------------------------

  ALTER TABLE "GRUPO_CCP"."VENTA" ADD FOREIGN KEY ("ID_EMPLEADO")
	  REFERENCES "GRUPO_CCP"."EMPLEADO" ("ID_EMPLEADO") ENABLE;
  ALTER TABLE "GRUPO_CCP"."VENTA" ADD FOREIGN KEY ("ID_CLIENTE")
	  REFERENCES "GRUPO_CCP"."CLIENTE" ("ID_CLIENTE") ENABLE;
